{"../hestia/archive.php":"7e78defdfedfaddb18473a69beddede6","../hestia/attachment.php":"b03eacca109aa8aa5eb58267f465637a","../hestia/comments.php":"3c3f0fa59e6333dd5efcbfdb6227a89d","../hestia/footer.php":"e9fb477c62d82f8057e2824f48d8f906","../hestia/front-page.php":"91f00acb8c621da7091644b398689576","../hestia/functions.php":"e2367aa7205e35fae2038389ef2a1501","../hestia/header.php":"a99d0da40a0c3bf16908f6609318f136","../hestia/index.php":"ea11fa98d9f8cbca27ca4a65b37293de","../hestia/page.php":"4db523c06286fc2515ea526388b82b89","../hestia/search.php":"4b7fa7a2c3a8681b99517b6076b329f3","../hestia/sidebar-woocommerce.php":"39dea8c8ef59dfb4b97e3a8eecbba4dc","../hestia/sidebar.php":"825c538768ee182d8bd814800285f435","../hestia/single-jetpack-portfolio.php":"878ce57be8e2d8f65ed8fcea4447d020","../hestia/single.php":"ef1cbb4b610c48a70e592039aa888b5a","../hestia/editor-style.css":"2f2750fbe3ce250e518f82495c6f29d7","../hestia/editor-style.min.css":"8ba536b80a7cb0b5d258327f5ec60f68","../hestia/style-rtl.css":"4f8783ad40b6f7be0b1da47d13edd701","../hestia/style-rtl.min.css":"57a0cd1bc86f87b5ad5900744fc523c7","../hestia/style.css":"f58ff5b04f22d087738e69a93304c5a4","../hestia/style.min.css":"3a92635e66768ac8b34a58fa85cb3a1a"}